product,market_scope,surface,current_observation,evidence_label,source,decision_read,guardrail
Big Farm Homestead,US iOS,Store scale,4.7 rating; 3.1K ratings; #52 Family; 450.7 MB; English + 13 more languages,SOURCE / CURRENT US APP STORE,https://apps.apple.com/us/app/big-farm-homestead/id6742455668,Current US storefront confirms early but meaningful title scale and broad localization,"Ratings/rank are not DAU, retention or payer telemetry"
Big Farm Homestead,US iOS,Core positioning,Restore three Townsend family farms; crop/animal production; craft; orders; town rebuild; chapter mystery; guild/co-op events,SOURCE / CURRENT US APP STORE,https://apps.apple.com/us/app/big-farm-homestead/id6742455668,Core = production/management/ownership; story and social amplify the loop rather than replace it,"Store copy is positioning, not session-frequency telemetry"
Big Farm Homestead,US iOS,Current event surfaces,Collections: Friends & Family; Deepwoods Festival; Dino Dig / Dino Drama,SOURCE / CURRENT US APP STORE,https://apps.apple.com/us/app/big-farm-homestead/id6742455668,Collection + season pass + dig/exchange style event stack is simultaneously merchandised,Store cards do not expose participation or event conversion
Big Farm Homestead,US iOS,Current IAP ladder,Mini $0.99; Tiny $1.99; Little $2.99; Small $4.99; Modest $7.99; Medium $9.99; Standard $14.99; Regular $19.99; Big $29.99; Large $49.99,SOURCE / CURRENT US APP STORE,https://apps.apple.com/us/app/big-farm-homestead/id6742455668,Very dense low-to-high price ladder supports offer packaging across player value bands,Public SKU names do not reveal trigger/segment/frequency/conversion
Big Farm Homestead,US iOS,Monetization/social metadata,Advertising + Messaging and Chat + In-App Purchases; frequent contests,SOURCE / CURRENT US APP STORE,https://apps.apple.com/us/app/big-farm-homestead/id6742455668,Ads + IAP + social/competition are part of the current product surface,"No ad frequency, chat usage, contest participation or payer mix"
Big Farm Homestead,US iOS,Quality theme — story pacing,Current surfaced US reviews complain that story content pauses after Chapter 10 / tasks become sparse,PLAYER-REPORTED / CURRENT US REVIEW SURFACE,https://apps.apple.com/us/app/big-farm-homestead/id6742455668,Story cadence can become a retention expectation once narrative is used as a major promise,Review surface is not representative prevalence; exact version mapping incomplete
Big Farm Homestead,US iOS,Quality theme — core purity,Current surfaced positive review explicitly praises farm-centered tasks/events and absence of forced unrelated puzzle levels,PLAYER-REPORTED / CURRENT US REVIEW SURFACE,https://apps.apple.com/us/app/big-farm-homestead/id6742455668,A coherent core promise may itself be a satisfaction differentiator versus hybrid side-game overload,Single review; not a causal retention metric
Big Farm Homestead,US iOS,Quality theme — resource burden,"Current surfaced negative review complains about very large delivery quantities, multi-farm upkeep and difficulty finding an open league",PLAYER-REPORTED / CURRENT US REVIEW SURFACE,https://apps.apple.com/us/app/big-farm-homestead/id6742455668,Expansion breadth can turn into production/resource overload and social-access friction,Single review; no cohort prevalence or economy telemetry
Big Farm Homestead,Global Android secondary,Store scale,"3,674,311 cumulative downloads; +57.28K displayed delta; 4.63 / 61,551 ratings as of 2026-09-20; v1.0.6384",OBSERVED / GLOBAL SECONDARY,https://chrome-stats.com/d/com.newmoonproduction.bigfarmhomestead,Provides global Android scale context around current US store state,Not US-only and not monthly provider-normalized installs
