title,visible_window,family,mechanic,monetization_or_reward,social_crm,evidence_label,source,decision_read,gap
County Fair Tournament,Recurring in 2026; Sep21-Sep28 current cycle,Guild tournament,Shared task pool → guild points → leagues/rank,Rank rewards / progression,Guild cooperation,FIRST-PARTY BLOG + CURRENT GUIDE,https://blog.ggs-bf2.com/web/en.html,Competitive layer reuses normal production/order work instead of new core,Participation / payer lift TBD
Guild Tournament,Recurring in 2026; Sep14 current cycle,Guild tournament,Team tasks → points/rank,Rewards,Guild cooperation,FIRST-PARTY BLOG,https://blog.ggs-bf2.com/web/en.html,Alternating tournament schedule supports recurring social competition,Participation / rank distribution TBD
Player Tournament,Recurring in 2026; Aug31 visible cycle,Solo tournament,Complete tasks → ranking,Rewards,Solo competitive loop,FIRST-PARTY BLOG,https://blog.ggs-bf2.com/web/en.html,Same task/ranking grammar can support solo and guild variants,Participation TBD
Deepwoods Festival / Deepwoods Pass,Sep14-Oct12 2026,4-week Festival Pass,Daily quests + seasonal tasks → pass progression,Exclusive rewards / Tree Frame / Squirrel profile picture,Theme chosen by social-community vote,FIRST-PARTY BLOG + CURRENT US STORE,https://blog.ggs-bf2.com/web/en.html | https://apps.apple.com/us/app/big-farm-homestead/id6742455668,Community vote feeds a repeatable pass engine,Pass conversion / completion TBD
Dino Drama / Dino Dig,Recurring; Sep21 2026 current cycle,Dig / collection event,Barge/Train orders → Pickaxes → fossil digging / dinosaur reward,Exclusive themed reward,N/A,FIRST-PARTY BLOG + CURRENT US STORE,https://blog.ggs-bf2.com/web/en.html | https://apps.apple.com/us/app/big-farm-homestead/id6742455668,Order engine funds a themed dig/collection side event,Participation / economy impact TBD
Friends & Family Photo Album,Starts Aug31 2026,Collection / memory album,Collect polaroids / complete sets / character stories,Grand prize / collection rewards,Memory + character relationship,FIRST-PARTY BLOG + CURRENT US STORE,https://blog.ggs-bf2.com/web/en.html | https://apps.apple.com/us/app/big-farm-homestead/id6742455668,Collection engine adds narrative meaning without changing core production,Drop rate / duplicate economy / completion TBD
Fireworks Festival,Aug 2026 Anniversary update,Anniversary / collection,Collect Firework boxes around Homestead,Anniversary rewards + exclusive decoration,1st Anniversary community celebration,US APP STORE VERSION HISTORY,https://apps.apple.com/us/app/big-farm-homestead/id6742455668,World-collection wrapper can support milestone celebration,Exact dates / participation TBD
1st Anniversary Season Pass,Aug 2026,Season Pass,Pass progression during anniversary month,Seasonal paid/free rewards,Anniversary theme,US APP STORE VERSION HISTORY,https://apps.apple.com/us/app/big-farm-homestead/id6742455668,Pass engine is reusable across themed seasons,Price / conversion TBD
Crab Control Event,14-day challenge; Jun/Jul 2026 visible,Resource collection / exchange,Collect invasive crabs on shore → deliver to shelter → event coins,Event coins → rewards,Lake-restoration story context,US APP STORE VERSION HISTORY,https://apps.apple.com/us/app/big-farm-homestead/id6742455668,Environmental story gives a simple collect/deliver engine narrative meaning,Participation / reward economy TBD
Vacation Vibes Festival,Jul 2026,4-week Festival Pass,Festival tasks → pass progression,Exclusive season rewards,N/A,US APP STORE VERSION HISTORY,https://apps.apple.com/us/app/big-farm-homestead/id6742455668,Theme reskin over the same long season-pass engine,Conversion / completion TBD
Claire's Picnic,7-day event; May/Jul variants visible,Production/order event,Produce unique recipes → picnic orders → milestone points,Profile picture / food cart / in-game rewards,Character story wrapper,FIRST-PARTY BLOG + US APP STORE VERSION HISTORY,https://blog.ggs-bf2.com/web/en.html | https://apps.apple.com/us/app/big-farm-homestead/id6742455668,One-week production-order engine; May version was adjusted using player feedback,Participation / before-after KPI TBD
County Fair Collection,Jun/Jul 2026 visible,Collection,Gather polaroids → scrapbook,Collection rewards,N/A,US APP STORE VERSION HISTORY,https://apps.apple.com/us/app/big-farm-homestead/id6742455668,Collection can run adjacent to tournament without new core actions,Drop/duplicate model TBD
Stars & Lights Season Pass,Jun22 2026 start,Season Pass,Tasks → seasonal progression,Pass rewards,Fireworks/Pride seasonal theme,FIRST-PARTY BLOG + US APP STORE VERSION HISTORY,https://blog.ggs-bf2.com/web/en.html | https://apps.apple.com/us/app/big-farm-homestead/id6742455668,Recurring 4-week pass cadence supports theme rotation,Conversion / completion TBD
Summer Breeze Pass,Apr27 2026 start,Season Pass,Challenges → pass progression,Exclusive rewards,Seasonal theme,FIRST-PARTY BLOG,https://blog.ggs-bf2.com/web/en.html,Pass engine operates on a predictable multi-week cadence,Conversion / completion TBD
Heart of the Herd,Multiple May/Sep cycles,Returning cooperative/event wrapper,Locate / help horses and progress through event,Themed rewards,Community-returning event,FIRST-PARTY BLOG + VERSION HISTORY,https://blog.ggs-bf2.com/web/en.html | https://apps.apple.com/us/app/big-farm-homestead/id6742455668,Returning event shows content amortization across multiple cycles,Exact mechanics / participation TBD
Holiday Heist,Dec15-Dec29 2025; Lv11+,Narrative seasonal event,Find scattered gifts / follow raccoon story,Raccoon profile picture + decoration,Holiday narrative,FIRST-PARTY BLOG,https://blog.ggs-bf2.com/web/en.html,Seasonal narrative wrapper uses simple collection/search grammar,Participation / production cost TBD
Memory Album Voucher Program,Weekly Mondays from Jul 2026,CRM / social support,Weekly voucher supports Memory Album progression,Voucher reward,Facebook + Instagram + Discord,FIRST-PARTY / EXPLICIT CADENCE,https://blog.ggs-bf2.com/web/en.html,Owned/community CRM directly supports an in-game collection system,Claim→return / retention lift TBD
Social Milestone Vouchers,Jan-Sep 2026 observed milestones,CRM / follower milestone,Follower milestone → social visit → voucher claim,Free voucher,Facebook / Instagram / TikTok,FIRST-PARTY BLOG,https://blog.ggs-bf2.com/web/en.html,Social growth and reward claims are deliberately linked,Claim volume / attribution TBD
