scope,window,metric,value,evidence_label,source,decision_read,guardrail
"App Store edition","2026-08-17→2026-09-16","Tracked creatives","2,291","SOURCE / CREATIVE INTELLIGENCE","https://www.creativescope.ai/blog/the-cozy-florist-ads-breakdown","Sustained creative factory rather than a one-week launch burst","Tracked inventory, not total account inventory or spend"
"App Store edition","2026-08-17→2026-09-16","Tracked ad plans","6,939","SOURCE / CREATIVE INTELLIGENCE","https://www.creativescope.ai/blog/the-cozy-florist-ads-breakdown","High standing plan volume implies heavy campaign-operation burden","Ad-plan count is not budget, spend or campaign count"
"App Store edition","2026-08-17→2026-09-16","Reuse flag","1,116 / 2,291 = 48.7%","SOURCE / CREATIVE INTELLIGENCE","https://www.creativescope.ai/blog/the-cozy-florist-ads-breakdown","Roughly half the library is reuse/redeployment, not net-new production","Provider reuse flag is not creative-performance proof"
"App Store edition","2026-08-17→2026-09-16","Meta placement coverage","Facebook 93.98%; Instagram 93.98%; Threads 52.47%; Messenger 40.47%; Audience Network 23.62%","SOURCE / CREATIVE INTELLIGENCE","https://www.creativescope.ai/blog/the-cozy-florist-ads-breakdown","Placement map is overwhelmingly Meta-oriented","Coverage overlaps and cannot be read as spend share"
"App Store edition","2026-08-17→2026-09-16","US market specialization","638 US-exclusive plans / 679 US-covered plans; largest exclusive market pool","SOURCE / CREATIVE INTELLIGENCE","https://www.creativescope.ai/blog/the-cozy-florist-ads-breakdown","US receives substantial single-market creative-plan treatment","Plan targeting is not installs, spend or ROAS"
"App Store edition","2026-08-17→2026-09-16","Video share","1,924 / 2,291 = 84% video","SOURCE / CREATIVE INTELLIGENCE","https://www.creativescope.ai/blog/the-cozy-florist-ads-breakdown","Video is the dominant acquisition asset type","Creative count is not performance-weighted spend"
"App Store edition","2026-08-17→2026-09-16","Video shapes","9:16 44.1%; 1:1 34.0%; 16:9 21.9%","SOURCE / CREATIVE INTELLIGENCE","https://www.creativescope.ai/blog/the-cozy-florist-ads-breakdown","One footage/creative system is adapted to several placement geometries","Format mix does not equal efficiency mix"
"Top-50 video exposure set","same window","Runtime","3 under 20s; 14 at 20–30s; 15 at 30–40s; 10 at 40–50s; 8 at 50s+","SOURCE / CREATIVE INTELLIGENCE","https://www.creativescope.ai/blog/the-cozy-florist-ads-breakdown","Many high-exposure cuts are 30s+, so this title is not relying only on ultra-short hooks","Exposure ranking is provider-estimated, not ROAS"
"App Store edition","same window","Continuous production","Top activity days add ~290–472 new ad plans across Aug18→Sep11 rather than one single spike","SOURCE / CREATIVE INTELLIGENCE","https://www.creativescope.ai/blog/the-cozy-florist-ads-breakdown","Campaign system continuously refreshes/recombines assets","No spend/CTR/CVR/CPI/source-mix economics"
