product_family,evidence_window,observed_cadence,event_examples,content_engine,social_layer,monetization_layer,production_burden,trend_crosscheck_status,what_to_learn,counter_evidence,source,evidence_level,status
Gossip Harbor,"2025-09~2026-09 visible release notes","weekly story + roughly biweekly client/event refresh visible","weekly episodes; Swan Lake; Palace of Prosperity; Ancient Egypt; Global Goblet; Raccoon Beach; seasonal collections","reusable exploration/points→exclusive decor event wrapper + weekly narrative chapter","community/social channels; in-game social depth not primary","IAP/energy/event rewards; exact offers TBD","Heavy narrative writing + event illustration but reusable event framework","E0: 2026 Jul downloads +61%; no source mix to attribute","High-frequency narrative/event cadence with a reusable event shell","Cannot say event X caused July reacquisition without paid/organic or spend evidence","https://apps.apple.com/us/app/gossip-harbor-merge-story/id1623318294",E0,PARTIAL
Township,"2025-09~2026-09 App Store history","frequent client updates; overlapping passes, expeditions, regatta, collections","Harvest Pass; Frozen Fortune; Guest from Space; card collections; regatta seasons; themed adventures","season pass + expedition/adventure + collection + match3 + regatta orchestration","regatta/teams/friends","passes/sales/IAP; exact offer segmentation TBD","Very Heavy but high engine reuse","E0: Jul 2026 download +41.8%; Aug revenue peak","Orchestrate several reusable engines around town ownership","Mature scale/content burden too high for launch imitation","https://apps.apple.com/us/app/township/id638689075",E0,PARTIAL
Hay Day,"2025-2026 official announcements + store","seasonal pass + weekly derby + periodic global/community/brand activations","Farm Pass; Neighborhood Derby; Valley; Joe Jonas Cozy Anthem; Lance Bass neighborhood event; Gordon Ramsay collab","evergreen farm loop + recurring season/social engine + occasional brand takeover","neighborhoods/derby/community milestones","Farm Pass/subscription + IAP","Heavy but very modular","E0/E1 for event existence; current revenue stable, no causal attribution","Brand campaigns can sit on top of an intact evergreen farm loop","Celebrity campaign does not prove incremental revenue","https://supercell.com/en/news/announcement/hayday/ | https://store.supercell.com/hayday/farm-pass-subscription",E1,PARTIAL
Heartopia,"2026 global version history","seasonal features + party modes + periodic weekend events + build challenge","My Little Pony collab; Beaver Build Challenge; Hide&Seek; Parkour Party; Hot Air Balloon; seasons","lifestyle/world update + social challenge + event mode","co-build, parties, visits, likes/photos","cosmetics/chance-based IAP; exact event monetization TBD","AAA-like","E1 for known event timing; download/revenue scope mismatch limits KPI crosswalk","Make ownership/social expression itself an event engine","Do not copy breadth; current data cannot prove event ROI","https://apps.apple.com/us/app/heartopia/id6746151928",E1,PARTIAL
Big Farm Homestead,"2026 official blog/store","4-week season festival + returning event + collection cadence","Deepwoods Festival + Festival Pass; Dino Drama; Fireworks Festival; County Fair Collection; Memory Album vouchers","season festival + returning themed event + collection album","social channels/team signals; exact co-op TBD","Festival Pass + IAP/ads","Medium-Heavy","E0: May peak then revenue holds ~92% by Aug","A new farm game can use event/collection to deepen payer base after acquisition peak","No paid/organic/payer breakdown","https://blog.ggs-bf2.com/web/en.html | https://play.google.com/store/apps/details?id=com.newmoonproduction.bigfarmhomestead",E1,PARTIAL
The Cozy Florist,"2026 store event surfaces","story-series/event offers visible; full calendar unavailable","Game Story Series; garden social; real bouquet reward promotion","garden/shop + story update + community/social hook","visit/like/steal flower","IAP/ads; exact pass/offer TBD","Medium","E0: Aug download +94.8%; cause unknown","Use one strong lifestyle fantasy and real-world/social promotion hook","Cannot infer the rebound is event-led","https://apps.apple.com/us/app/the-cozy-florist/id6754878717",E0,PARTIAL
Office Cat,"2026 Google Play events","seasonal/event city visible; full cadence TBD","Halloween seventh city","new city/skin/event content","TBD","IAP/ads","Medium modular","E0: long-history shows clear decay; event impact not isolated","Cheaply reskin/expand modular city content","One event page cannot establish full LiveOps depth","https://play.google.com/store/apps/eventdetails/4829554823053935377",E0,PARTIAL
My Perfect Hotel,"TBD","TBD","TBD","modular hotels/upgrade loops likely support UA-led liveops; verify","TBD","IAA+IAP","Lean-Medium","Long history available; LiveOps cause TBD","Use modular content and D0 readability","Do not fabricate event calendar","TBD",TBD,TBD
时尚百货城,"TBD","TBD","TBD","TBD","TBD","IAP deep monetization candidate","TBD","Strong revenue/download decoupling in 12m panel; cause TBD","Prioritize offer/economy teardown","US relevance and activity evidence missing","https://apps.apple.com/cn/app/id6752632961",E0,TBD
