product,market,window,creative_count,campaign_or_plan_records,estimated_impressions,channel_or_source_mix,long_lived_asset,history_depth,evidence_label,source,guardrail
Gossip Harbor,US,2026-07-20→2026-08-19,"14 distinct video files / top15 entries","top15 placements reported","6,381,902,914 rolling-30d est.","5/15 entries carry one shared playable end-card","25s file first seen 2025-07-16; 398d; 70.5% file-level delivery","398d asset + 30d window",SOURCE / EXTERNAL,https://www.admapix.com/blog/ad-intelligence/gossip-harbor-ad-strategy-2026,"Impressions are third-party rolling-30d estimates, not spend"
Gossip Harbor,"Multi-market incl US",2026-06-28→2026-07-27,"2,029 new creatives","2,779 campaign records","Top5 est. 398M; recent 30d share = 53.6% of 180d tracked window","US 701 tracked market records","459 reused creatives","30d activity + 180d denominator",SOURCE / EXTERNAL,https://www.creativescope.ai/blog/gossip-harbor-ua-teardown-drama-before-gameplay,"Campaign records are not spend/share/quality"
Township,US,"rolling 30d ending 2026-08-19","at least 45 measurable; top30 analyzed","9,659,844 placements top30","944,824,903 rolling-30d est. top30","18/30 with playable attachment; top high-density seven had none","30s asset first seen 2024-02-21; 910d","910d asset + 30d window",SOURCE / EXTERNAL,https://www.admapix.com/zh/blog/ad-intelligence/township-ad-strategy-2026,"Impressions/placements not spend; longevity does not prove winner"
Heartopia,"Cross-platform; Android includes US",2026-06-22→2026-07-20,"1,378 tracked creatives","2,807 campaign records","505M estimated","iOS concentrated JP/TW/HK; Android broader incl US/KR/SEA/EU",TBD,"30d current window",SOURCE / EXTERNAL,https://www.creativescope.ai/blog/heartopia-s-cozy-creative-system,"Estimated impressions relative-scale only; not verified spend/revenue"
The Cozy Florist,"App Store edition; 66 markets incl US",2026-08-17→2026-09-16,"2,291","6,939 ad plans","107.4M lifetime estimated exposure among active-window creatives","FB93.98%; IG93.98%; Threads52.47%; Messenger40.47%; AdMob4.94%; AppLovin0.85%; YouTube0.50%; TikTok0.23%","1,116 reuse-flag creatives (48.7%)","30d current window",SOURCE / EXTERNAL,https://www.creativescope.ai/blog/the-cozy-florist-ads-breakdown,"Coverage overlaps; not spend/budget/conversion; US has 638 exclusive-plan pool"
My Perfect Hotel,"US/Tier-1 historical","2023 historical","Playable/video/simple gameplay mix",TBD,TBD,"External teardown: AppLovin largest iOS/Android; Google material; reported ~50% AppLovin spend to playables",TBD,"historical snapshot",SOURCE / EXTERNAL / HISTORICAL,https://matejlancaric.com/blog/my-perfect-hotel-marketing-analysis/,"Historical; do not use for 2026 causal attribution"
Hay Day,US,current 2026,TBD,TBD,TBD,TBD,TBD,TBD,TBD / NOT AVAILABLE,,"No reliable current same-provider 30/90/180 creative/source-mix series found"
Office Cat,US,current 2026,TBD,TBD,TBD,TBD,TBD,TBD,TBD / NOT AVAILABLE,,"No reliable current same-provider 30/90/180 creative/source-mix series found"
Big Farm Homestead,US,current 2026,TBD,TBD,TBD,TBD,TBD,TBD,TBD / NOT AVAILABLE,,"No reliable current same-provider 30/90/180 creative/source-mix series found"
