product_family,benchmark_role,camera,render_mode,character_style,environment_style,palette_light,ui_language,brand_readability,before_after_readability,handcrafted_layer,production_burden,small_team_fit,learn,do_not_copy,evidence_type,source,status
Gossip Harbor,Story+Merge+Restoration,"portrait board + illustrated story scenes","2D illustrated / polished casual","semi-realistic stylized adults; romance-drama readability","coastal restaurant / event scene illustration","warm coastal; high-saturation event skins","card-heavy event UI + merge board","high via recurring cast + story","high in restoration/event decor","medium; illustration-led","Heavy narrative + event art","Medium","Character-led story framing; strong scene/event theming","Weekly bespoke narrative/event art without reuse discipline",OBSERVED+INFERRED,"https://apps.apple.com/us/app/gossip-harbor-merge-story/id1623318294",PARTIAL
Township,Long-life Sim+Farming+Match3,"isometric town / portrait UI","stylized 3D/isometric","small stylized citizens / functional","dense modular city+farm","bright saturated; seasonal reskins","dense mature F2P event rail","very high after 10+ years","high at city expansion scale","low-medium; commercial 3D","Very Heavy","Low-Medium","Modular world + strong seasonal theming + clear town ownership","Asset breadth and event density at current mature scale",OBSERVED+INFERRED,"https://apps.apple.com/us/app/township/id638689075",PARTIAL
Hay Day,Evergreen Farming,"isometric farm","stylized 3D/isometric","iconic caricature animals/people","farm fields + machines + town/valley","warm rural; soft bright daylight","cleaner than most mature F2P; farm-first","very high; iconic animals/farm","high","medium; distinctive caricature","Heavy but modular","Medium","Readable production objects; distinctive character silhouettes; calm farming identity","Copying exact cartoon farm aesthetic / huge content library",OBSERVED+INFERRED,"https://play.google.com/store/apps/details?id=com.supercell.hayday",PARTIAL
Heartopia,Lifestyle Sim ceiling,"third-person / free camera","stylized 3D","fashion-forward chibi/young adult avatar; high customization","town/home/garden/hobby spaces","pastel-bright; soft lighting; seasonal fantasy skins","modern lifestyle UI; cosmetics/social heavy","very high through avatar/home/pet","very high","medium; polished 3D, less painterly","AAA-like content burden","Low","Ownership, fashion, pets, social expression, screenshotability","Open-world/content breadth for first studio product",OBSERVED+INFERRED,"https://apps.apple.com/us/app/heartopia/id6746151928",PARTIAL
Big Farm Homestead,New Western Farming,"isometric / close farm scene","stylized 3D","friendly rural cast","Midwest farms + story mystery","warm rural, natural greens/yellows","modern casual farming UI","medium-high","high through restore/expand","low-medium","Heavy","Medium","Farm restoration + narrative mystery + collection/event layering","Copying full multi-farm content burden before core validation",OBSERVED+INFERRED,"https://play.google.com/store/apps/details?id=com.newmoonproduction.bigfarmhomestead",PARTIAL
The Cozy Florist,Cozy acquisition / garden,"portrait garden/shop","stylized 3D / decorative casual","cute soft-feature characters","flower garden + flower shop + social gardens","highly floral; pink/green/pastel; bright","soft decorative F2P UI","high in thumbnail/category","high via garden growth","medium decorative authored layer","Medium-Heavy","Medium","Flower identity; tactile care fantasy; social garden visiting","Too much generic pastel/cute without a distinctive authored surface",OBSERVED+INFERRED,"https://apps.apple.com/us/app/the-cozy-florist/id6754878717",PARTIAL
Office Cat,Lean cute tycoon,"isometric rooms","stylized 3D","cat workforce; strong mascot silhouettes","modular offices / furniture","clean bright corporate pastels","simple idle/tycoon UI","high via cat IP","medium-high room growth","low; toy-like 3D","Medium / modular","High","Mascot + modular room production efficiency","Generic plastic toy look; relying on cute alone for long retention",OBSERVED+INFERRED,"https://play.google.com/store/apps/details?id=com.tree.idle.cat.office",PARTIAL
My Perfect Hotel,Hybrid-casual management,"top-down/isometric movement","functional stylized 3D","small readable worker/guest avatars","hotel rooms as modular stations","bright functional colors","very simple upgrade cues","medium","high operational before/after","low","Lean-Medium","Very High","One-finger movement + visible capacity growth + modular expansion","Low brand identity and shallow aesthetics as final brand direction",INFERRED+STORE_SNAPSHOT,"https://play.google.com/store/apps/details?id=com.master.hotelmaster",PARTIAL
时尚百货城,China monetization reference,"TBD","TBD","TBD","mall / retail management (title-level evidence)","TBD","TBD","TBD","TBD","TBD","TBD","TBD","Study monetization/economy once gameplay/art capture exists","Do not infer visual/product design from revenue curve alone",TBD,"https://apps.apple.com/cn/app/id6752632961",TBD
