requested_field,status,coverage,verified_source,what_is_available,what_is_not_available,next_action
"US-only monthly Downloads/IAP",PARTIAL,"2026-08 current month for Priority8; 7/8 same visible US-filter tables","Diandian visible UI captured 2026-09-25","Seven products have US downloads and IAP in the same visible filter; Heartopia has US downloads from country split and US IAP from filtered chart","3-5 year normalized US history for seven products is not completed in this snapshot; Heartopia same-scope download row is absent","Continue month-by-month export after Diandian allows stable long-window loads"
"paid/organic/source mix",NOT_AVAILABLE,"0/8 exact paid-organic splits","No public/title-level source found","Diandian exposes a download-source page and DataEye exposes creative observations","Exact paid installs, organic installs, organic share and source-attributed installs were not visible","Require MMP/ASA/Google Ads/Meta export or a vendor field explicitly defining this split"
"spend/CPI/CTR/CVR/ROAS",NOT_AVAILABLE,"0/8","No campaign account or verified vendor performance export available","Creative count, media, region and estimated exposure can be used as coverage proxies only","Spend, clicks, attributed installs, purchases and ROAS are unavailable","Connect ad-platform plus MMP campaign exports; never derive performance from creative counts"
"Priority8 30/90/180-day creative history",BLOCKED,"Existing two-year DataEye observations; standardized 30/90/180 refresh pending","Licensed DataEye AdXray UI","Existing report has current creative/media/region observations and long-run representative cards","Current standardized 30/90/180 counts are blocked by expired DataEye login","User completes DataEye login; rerun exact windows and append deltas"
"T+0 to 30m and D1/D3/D7/D14",NOT_AVAILABLE,"0/8 current controlled cohorts","No public source can expose competitor FTUE cohorts","Public store video/screenshots and manual observation can describe visible onboarding","Exact minute-by-minute actions, unlocks, retention and cohort conversion are not public","Run a controlled 14-day playtest with timestamped screen capture and identical protocol"
"review-by-version",PARTIAL,"Priority8 latest 50 Apple review-feed entries sliced by version; Cozy Florist uses GB because US feed was empty","Apple official Customer Reviews RSS feed","Version labels and star/title samples are directly visible","Not full review history; Android review-by-version and statistically representative sentiment are unavailable","Archive feeds on a schedule or obtain store-console/vendor full export"
"Offer trigger/segmentation/probability/frequency",PARTIAL,"Hay Day has official trigger rules; other products mostly product names/event timing only","Official game support and App Store pages","Hay Day level triggers, one-time/short-duration behavior, personalization basis and in-game probability display are documented","Most player-level segmentation, experiment assignment, real-time probabilities and frequency are private","Instrument controlled account cohorts and preserve each offer screenshot with timestamp/account state"
"event participation/payer/DAU",PARTIAL,"One title-level event completion number; otherwise unavailable","SayGames official case; publisher/regulatory sources","My Perfect Hotel reports over 700K Barbie event completers by 2026-06-16","Current payer, payer share, DAU and event participation for most titles are not public","Use title-owner analytics or a vendor explicitly licensed for title-level active/payer estimates"
"title team size/asset-hours/area-event cycle/QA/outsourcing",PARTIAL,"Hay Day team lower bound and public event durations only","Official team article and product update/support pages","Hay Day team was over 60 as of 2026-06-18; multiple official event durations are documented","Exact current staffing, asset-hours, QA FTE and outsourcing ratio are unavailable for nearly all products","Request producer interviews or internal/vendor disclosures; do not infer from company headcount or update cadence"
